작가	편수	비율
총 작가 수	1924	-
金億	70	0.01186842997626314
朴泰遠	62	0.010512037978975925
蔡萬植	55	0.00932519498134961
申鼎言	54	0.009155645981688708
金東煥	48	0.008138351983723296
李光洙	47	0.007968802984062395
李泰俊	46	0.007799253984401492
李箕永	46	0.007799253984401492
李軒求	43	0.007290606985418786
鄭人澤	42	0.007121057985757884
朴魯甲	41	0.006951508986096982
朴鍾和	41	0.006951508986096982
金南天	40	0.00678195998643608
金玄松	38	0.006442861987114276
金東仁	37	0.006273312987453374
崔貞熙	36	0.006103763987792472
金光燮	35	0.00593421498813157
鄭瑞竹	34	0.005764665988470668
朱耀翰	34	0.005764665988470668
尹石重	34	0.005764665988470668
적성	33	0.005595116988809766
安懷南	33	0.005595116988809766
李顯奉	32	0.0054255679891488644
盧天命	32	0.0054255679891488644
毛允淑	31	0.005256018989487962
林和	30	0.00508646998982706
金敎臣	30	0.00508646998982706
朴啓周	30	0.00508646998982706
桂鎔默	29	0.004916920990166158
李石薰	29	0.004916920990166158
金永壽	27	0.004577822990844354
李孝石	27	0.004577822990844354
兪鎭午	27	0.004577822990844354
林耕一	26	0.004408273991183452
尹昇漢	26	0.004408273991183452
崔載瑞	25	0.00423872499152255
木春山人	25	0.00423872499152255
靑頭巾	24	0.004069175991861648
尹崑崗	24	0.004069175991861648
鄭芝溶	23	0.003899626992200746
趙聖祉	23	0.003899626992200746
咸大勲	23	0.003899626992200746
徐廷柱	23	0.003899626992200746
李秉岐	22	0.003730077992539844
金天	22	0.003730077992539844
永宗	21	0.003560528992878942
李陸史	21	0.003560528992878942
尹圭涉	21	0.003560528992878942
李昌洙	21	0.003560528992878942
鄭寅燮	20	0.00339097999321804
車相瓚	20	0.00339097999321804
嚴興燮	19	0.003221430993557138
尹永春	18	0.003051881993896236
朴勝極	18	0.003051881993896236
庾秋崗	18	0.003051881993896236
李源朝	18	0.003051881993896236
林白山	18	0.003051881993896236
李燦	18	0.003051881993896236
金起林	18	0.003051881993896236
崔永秀	18	0.003051881993896236
林仁洙	18	0.003051881993896236
柳致環	18	0.003051881993896236
李無影	18	0.003051881993896236
金庠基	17	0.002882332994235334
張德祚	17	0.002882332994235334
印貞植	17	0.002882332994235334
洪曉民	17	0.002882332994235334
韓雪野	16	0.0027127839945744322
金來成	16	0.0027127839945744322
柳光烈	16	0.0027127839945744322
金東里	16	0.0027127839945744322
全世源	16	0.0027127839945744322
金炯瑢	16	0.0027127839945744322
吳章煥	15	0.00254323499491353
桂貞植	15	0.00254323499491353
權景完	15	0.00254323499491353
石仁海	15	0.00254323499491353
金正革	15	0.00254323499491353
白石	15	0.00254323499491353
林學洙	15	0.00254323499491353
辛夕汀	14	0.002373685995252628
洪以燮	14	0.002373685995252628
柳子厚	14	0.002373685995252628
朴淵禧	14	0.002373685995252628
張萬榮	14	0.002373685995252628
朴木月	14	0.002373685995252628
仁旺居士	13	0.002204136995591726
趙容萬	13	0.002204136995591726
鄭萬石	13	0.002204136995591726
方仁根	13	0.002204136995591726
張東根	13	0.002204136995591726
金光均	13	0.002204136995591726
朴英鎬	13	0.002204136995591726
牛山學人	13	0.002204136995591726
白鐵	13	0.002204136995591726
卞榮魯	13	0.002204136995591726
咸世德	12	0.002034587995930824
鄭炳鎬	12	0.002034587995930824
鬼嵐道士	12	0.002034587995930824
洪淳萬	12	0.002034587995930824
異河潤	12	0.002034587995930824
尹童向	12	0.002034587995930824
吉鎭燮	12	0.002034587995930824
安夕影	12	0.002034587995930824
李石薫	12	0.002034587995930824
李庸岳	12	0.002034587995930824
金史良	12	0.002034587995930824
趙敬姬	11	0.001865038996269922
張赫宙	11	0.001865038996269922
朱永涉	11	0.001865038996269922
黃抱明	11	0.001865038996269922
崔木朗	10	0.00169548999660902
趙一齊	10	0.00169548999660902
金奎澤	10	0.00169548999660902
金晟鎭	10	0.00169548999660902
李壽永	10	0.00169548999660902
高裕燮	10	0.00169548999660902
崔明翊	10	0.00169548999660902
南大祐	10	0.00169548999660902
朱璇欽	10	0.00169548999660902
韓晶東	10	0.00169548999660902
金復鎭	10	0.00169548999660902
吳知泳	10	0.00169548999660902
金鍾漢	9	0.001525940996948118
崔秉和	9	0.001525940996948118
金炳國	9	0.001525940996948118
美浪島	9	0.001525940996948118
柳致眞	9	0.001525940996948118
鬼嵐道士	9	0.001525940996948118
李元壽	9	0.001525940996948118
金英一	9	0.001525940996948118
鄭玄雄	9	0.001525940996948118
湘湖老人	9	0.001525940996948118
金煥泰	9	0.001525940996948118
李周洪	9	0.001525940996948118
金管	9	0.001525940996948118
盧子泳	9	0.001525940996948118
李海寬	9	0.001525940996948118
高元燮	9	0.001525940996948118
曹南嶺	9	0.001525940996948118
崔汝成	9	0.001525940996948118
柳葉	9	0.001525940996948118
李善熙	9	0.001525940996948118
高凰京	9	0.001525940996948118
咸尙勳	9	0.001525940996948118
李輔相	8	0.0013563919972872161
千里石	8	0.0013563919972872161
金森茂原	8	0.0013563919972872161
朴英熙	8	0.0013563919972872161
李根榮	8	0.0013563919972872161
張龍瑞	8	0.0013563919972872161
玄卿駿	8	0.0013563919972872161
金達鎭	8	0.0013563919972872161
安岩莊主人	8	0.0013563919972872161
安含光	8	0.0013563919972872161
金鎭壽	8	0.0013563919972872161
趙芝薰	8	0.0013563919972872161
金尙鎔	8	0.0013563919972872161
金善夫	8	0.0013563919972872161
張鳳顔	8	0.0013563919972872161
李朝	8	0.0013563919972872161
李秉珏	8	0.0013563919972872161
金廷漢	8	0.0013563919972872161
李在郁	8	0.0013563919972872161
李允善	8	0.0013563919972872161
烽火峴人	8	0.0013563919972872161
任敬日	8	0.0013563919972872161
朴基采	8	0.0013563919972872161
洪承耉	8	0.0013563919972872161
趙潤濟	7	0.001186842997626314
金允植	7	0.001186842997626314
趙成雲	7	0.001186842997626314
李丙燾	7	0.001186842997626314
李敦化	7	0.001186842997626314
林玉仁	7	0.001186842997626314
沈亨弼	7	0.001186842997626314
申石艸	7	0.001186842997626314
崔暎海	7	0.001186842997626314
林洙	7	0.001186842997626314
禹泰喜	7	0.001186842997626314
尹泰雄	7	0.001186842997626314
徐斗銖	7	0.001186842997626314
任東爀	7	0.001186842997626314
尹鍾厚	7	0.001186842997626314
方鍾鉉	7	0.001186842997626314
錦城	7	0.001186842997626314
宋昌一	7	0.001186842997626314
徐光霽	7	0.001186842997626314
馬鳴	7	0.001186842997626314
吳禎民	7	0.001186842997626314
梁柱東	7	0.001186842997626314
金永錫	7	0.001186842997626314
李一	7	0.001186842997626314
李在暎	7	0.001186842997626314
雲山薰	7	0.001186842997626314
李海文	6	0.001017293997965412
張祥鳳	6	0.001017293997965412
湖湖老人	6	0.001017293997965412
吳祥根	6	0.001017293997965412
韓黑鷗	6	0.001017293997965412
朴南秀	6	0.001017293997965412
任元鎬	6	0.001017293997965412
玄鎭健	6	0.001017293997965412
崔南善	6	0.001017293997965412
趙宇植	6	0.001017293997965412
李相協	6	0.001017293997965412
朴仁德	6	0.001017293997965412
李世保	6	0.001017293997965412
南泰星	6	0.001017293997965412
金煥基	6	0.001017293997965412
金素英	6	0.001017293997965412
安昌燁	6	0.001017293997965412
金順敬	6	0.001017293997965412
朴斗鎭	6	0.001017293997965412
池河連	6	0.001017293997965412
蔡廷根	6	0.001017293997965412
多夕齊	6	0.001017293997965412
崔鉉培	6	0.001017293997965412
李東珪	6	0.001017293997965412
李敭河	6	0.001017293997965412
高永煥	6	0.001017293997965412
尹世重	6	0.001017293997965412
梁記者	6	0.001017293997965412
任西河	6	0.001017293997965412
任英彬	6	0.001017293997965412
高峰旅客	6	0.001017293997965412
紙魚生	5	0.00084774499830451
池京順	5	0.00084774499830451
金東錫	5	0.00084774499830451
趙宗玄	5	0.00084774499830451
趙豊衍	5	0.00084774499830451
金聖七	5	0.00084774499830451
＊生	5	0.00084774499830451
孫初岳	5	0.00084774499830451
趙靈出	5	0.00084774499830451
金蕙園	5	0.00084774499830451
韓稚振	5	0.00084774499830451
韓植	5	0.00084774499830451
丘鍾鉉	5	0.00084774499830451
盧良根	5	0.00084774499830451
隱野	5	0.00084774499830451
金晉燮	5	0.00084774499830451
尹福鎭	5	0.00084774499830451
桂英哲	5	0.00084774499830451
韓野	5	0.00084774499830451
盤龍學人	5	0.00084774499830451
文仁柱	5	0.00084774499830451
裵豊	5	0.00084774499830451
柳白	5	0.00084774499830451
洪起文	5	0.00084774499830451
朴景嬉	5	0.00084774499830451
耳豪	5	0.00084774499830451
李高麗	5	0.00084774499830451
朴記者	5	0.00084774499830451
徐寅植	5	0.00084774499830451
安南	5	0.00084774499830451
玉蘇山人	5	0.00084774499830451
崔泳柱	5	0.00084774499830451
金基鎭	5	0.00084774499830451
金贊龍	5	0.00084774499830451
金起田	5	0.00084774499830451
金泰午	5	0.00084774499830451
仁旺山居士	5	0.00084774499830451
月曜談叢子	5	0.00084774499830451
康承翰	5	0.00084774499830451
徐恒錫	5	0.00084774499830451
吳天錫	5	0.00084774499830451
金亨俊	5	0.00084774499830451
崔泰應	5	0.00084774499830451
鄭韶坡	4	0.0006781959986436081
具本雄	4	0.0006781959986436081
金晩炯	4	0.0006781959986436081
A·A生	4	0.0006781959986436081
金東舜	4	0.0006781959986436081
高亨坤	4	0.0006781959986436081
權明秀	4	0.0006781959986436081
趙憲泳	4	0.0006781959986436081
趙豐衍	4	0.0006781959986436081
姜裕文	4	0.0006781959986436081
金光聖七	4	0.0006781959986436081
張道煥	4	0.0006781959986436081
姜小泉	4	0.0006781959986436081
李鍾模	4	0.0006781959986436081
李種瑞	4	0.0006781959986436081
鄭弼善	4	0.0006781959986436081
李春人	4	0.0006781959986436081
崔杏村	4	0.0006781959986436081
黃義敦	4	0.0006781959986436081
黃明姬	4	0.0006781959986436081
金昌承	4	0.0006781959986436081
安英一	4	0.0006781959986436081
李克魯	4	0.0006781959986436081
咸處植	4	0.0006781959986436081
金活蘭	4	0.0006781959986436081
李圭煥	4	0.0006781959986436081
난설	4	0.0006781959986436081
李龜祚	4	0.0006781959986436081
南宮燁	4	0.0006781959986436081
梁生	4	0.0006781959986436081
狼林山人	4	0.0006781959986436081
呂玄	4	0.0006781959986436081
洪生	4	0.0006781959986436081
洪木春	4	0.0006781959986436081
吳時泳	4	0.0006781959986436081
吳煥	4	0.0006781959986436081
韓竹松	4	0.0006781959986436081
閔泳珪	4	0.0006781959986436081
崔承喜	4	0.0006781959986436081
劉昌宣	4	0.0006781959986436081
李瑞求	4	0.0006781959986436081
沈影	4	0.0006781959986436081
朴榮濬	4	0.0006781959986436081
曺雲	4	0.0006781959986436081
池憲英	4	0.0006781959986436081
秦長燮	4	0.0006781959986436081
孫基禎	4	0.0006781959986436081
金蓮實	4	0.0006781959986436081
崔仁旭	4	0.0006781959986436081
金永鍵	4	0.0006781959986436081
申南澈	4	0.0006781959986436081
金再貴	4	0.0006781959986436081
薛貞植	4	0.0006781959986436081
李北鳴	4	0.0006781959986436081
柳光烈	3	0.000508646998982706
李熙昇	3	0.000508646998982706
朴弼元	3	0.000508646998982706
朴仁範	3	0.000508646998982706
朴英晩	3	0.000508646998982706
李薰	3	0.000508646998982706
朴炳基	3	0.000508646998982706
兪億兼	3	0.000508646998982706
宋政勳	3	0.000508646998982706
朴松	3	0.000508646998982706
方應謨	3	0.000508646998982706
朴生	3	0.000508646998982706
朴邦夷	3	0.000508646998982706
宋錫夏	3	0.000508646998982706
白信愛	3	0.000508646998982706
申辰淳	3	0.000508646998982706
?光町人	3	0.000508646998982706
安光	3	0.000508646998982706
安鍾和	3	0.000508646998982706
아·아生	3	0.000508646998982706
安浩相	3	0.000508646998982706
林記者	3	0.000508646998982706
林根洙	3	0.000508646998982706
楊美林	3	0.000508646998982706
印孝植	3	0.000508646998982706
楊薰	3	0.000508646998982706
呂尙玄	3	0.000508646998982706
孫明鉉	3	0.000508646998982706
石宙明	3	0.000508646998982706
鈴蘭	3	0.000508646998982706
裵澔	3	0.000508646998982706
金汶植	3	0.000508646998982706
權泰泓	3	0.000508646998982706
박꽃	3	0.000508646998982706
金瑢俊	3	0.000508646998982706
金奎源	3	0.000508646998982706
金洪萬	3	0.000508646998982706
李能和	3	0.000508646998982706
金兌鎭	3	0.000508646998982706
金次榮	3	0.000508646998982706
金晋燮	3	0.000508646998982706
金知常	3	0.000508646998982706
金載元	3	0.000508646998982706
金大鳳	3	0.000508646998982706
金元燦	3	0.000508646998982706
李岳	3	0.000508646998982706
民生	3	0.000508646998982706
金永卓	3	0.000508646998982706
李種根	3	0.000508646998982706
金信哉	3	0.000508646998982706
金湘洙	3	0.000508646998982706
李恩徽	3	0.000508646998982706
金北原	3	0.000508646998982706
金林	3	0.000508646998982706
李貞淳	3	0.000508646998982706
李仁榮	3	0.000508646998982706
金明植	3	0.000508646998982706
金敎重	3	0.000508646998982706
金觀浩	3	0.000508646998982706
李駿植	3	0.000508646998982706
李重華	3	0.000508646998982706
李漢稷	3	0.000508646998982706
閔大靈	3	0.000508646998982706
柳興台	3	0.000508646998982706
權成郁	3	0.000508646998982706
金秉逵	3	0.000508646998982706
文藝峯	3	0.000508646998982706
鬼南道士	3	0.000508646998982706
無虎洞人	3	0.000508646998982706
無主庵主人	3	0.000508646998982706
尹君善	3	0.000508646998982706
李苔湖	3	0.000508646998982706
杜遠學人	3	0.000508646998982706
獨孤一	3	0.000508646998982706
도환	3	0.000508646998982706
尹春圃	3	0.000508646998982706
李台雨	3	0.000508646998982706
李泰善	3	0.000508646998982706
金村龍濟	3	0.000508646998982706
大谷政平	3	0.000508646998982706
尹行重	3	0.000508646998982706
金健	3	0.000508646998982706
李德鳳	3	0.000508646998982706
吳泳鎭	3	0.000508646998982706
洪得順	3	0.000508646998982706
閔丙均	3	0.000508646998982706
咸亨洙	3	0.000508646998982706
香山三郞	3	0.000508646998982706
丁來東	3	0.000508646998982706
田淑嬉	3	0.000508646998982706
鄭記者	3	0.000508646998982706
鄭仁澤	3	0.000508646998982706
洪祐伯	3	0.000508646998982706
洪順玉	3	0.000508646998982706
洪善杓	3	0.000508646998982706
崔鳳則	3	0.000508646998982706
韓珖奎	3	0.000508646998982706
玄雲史	3	0.000508646998982706
湖浩老人	3	0.000508646998982706
玄洲	3	0.000508646998982706
혜성	3	0.000508646998982706
崔順愛	3	0.000508646998982706
崔玉禧	3	0.000508646998982706
鄭文澤	3	0.000508646998982706
鄭魯湜	3	0.000508646998982706
趙東卓	3	0.000508646998982706
曺應天	3	0.000508646998982706
鄭生	3	0.000508646998982706
韓榮東	3	0.000508646998982706
八甫	3	0.000508646998982706
鄭保羅	3	0.000508646998982706
朴和穆	3	0.000508646998982706
朱壽元	3	0.000508646998982706
宋影	3	0.000508646998982706
黃勳	3	0.000508646998982706
車靑吾	3	0.000508646998982706
趙仁行	3	0.000508646998982706
島月	2	0.00033909799932180403
尹致昊	2	0.00033909799932180403
李德象	2	0.00033909799932180403
李克魯	2	0.00033909799932180403
尹泰權	2	0.00033909799932180403
崔仁化	2	0.00033909799932180403
崔載亨	2	0.00033909799932180403
金鶴俊	2	0.00033909799932180403
李起炫	2	0.00033909799932180403
李錦龍	2	0.00033909799932180403
南會石	2	0.00033909799932180403
崔羲楹	2	0.00033909799932180403
崔筆鳳	2	0.00033909799932180403
大谷生	2	0.00033909799932180403
太白山人	2	0.00033909799932180403
李圭熹	2	0.00033909799932180403
金熙在	2	0.00033909799932180403
尹喜淳	2	0.00033909799932180403
李圭憙	2	0.00033909799932180403
李甲燮	2	0.00033909799932180403
金昶濟	2	0.00033909799932180403
李宮海文	2	0.00033909799932180403
李寬求	2	0.00033909799932180403
李慶熙	2	0.00033909799932180403
南曙宇	2	0.00033909799932180403
南夕鐘	2	0.00033909799932180403
李建赫	2	0.00033909799932180403
李東柱	2	0.00033909799932180403
金喆庸	2	0.00033909799932180403
崔流帆	2	0.00033909799932180403
李庵	2	0.00033909799932180403
金永石	2	0.00033909799932180403
蔡弼近	2	0.00033909799932180403
金永起	2	0.00033909799932180403
蔡澤龍	2	0.00033909799932180403
金陽春	2	0.00033909799932180403
金岳子	2	0.00033909799932180403
金時昌	2	0.00033909799932180403
金聖泰	2	0.00033909799932180403
車元興	2	0.00033909799932180403
金錫煥	2	0.00033909799932180403
李源絢	2	0.00033909799932180403
金相鎬	2	0.00033909799932180403
李宜英	2	0.00033909799932180403
金明善	2	0.00033909799932180403
李載薰	2	0.00033909799932180403
金斗憲	2	0.00033909799932180403
金東明	2	0.00033909799932180403
金永植	2	0.00033909799932180403
李時雨	2	0.00033909799932180403
李炳逸	2	0.00033909799932180403
李順伊	2	0.00033909799932180403
李鳳順	2	0.00033909799932180403
李思徽	2	0.00033909799932180403
李想白	2	0.00033909799932180403
金濟憲	2	0.00033909799932180403
金正實	2	0.00033909799932180403
金一海	2	0.00033909799932180403
李石澄	2	0.00033909799932180403
金寅圭	2	0.00033909799932180403
金二湖	2	0.00033909799932180403
金應柱	2	0.00033909799932180403
李性甲	2	0.00033909799932180403
李盛奎	2	0.00033909799932180403
靑葉薰	2	0.00033909799932180403
金雄奎	2	0.00033909799932180403
李琇馨	2	0.00033909799932180403
金又石	2	0.00033909799932180403
金容珏	2	0.00033909799932180403
讀者	2	0.00033909799932180403
文學洙	2	0.00033909799932180403
尹奉周	2	0.00033909799932180403
明柱完	2	0.00033909799932180403
徐椿	2	0.00033909799932180403
安壽吉	2	0.00033909799932180403
黃甲秀	2	0.00033909799932180403
安一	2	0.00033909799932180403
華城	2	0.00033909799932180403
洪鍾仁	2	0.00033909799932180403
梁美林	2	0.00033909799932180403
山本正植	2	0.00033909799932180403
史又春	2	0.00033909799932180403
司空桓	2	0.00033909799932180403
普賢寺妙道	2	0.00033909799932180403
洪承耆	2	0.00033909799932180403
麗生	2	0.00033909799932180403
呂運亨	2	0.00033909799932180403
延星欽	2	0.00033909799932180403
洪鳳義	2	0.00033909799932180403
紅流閣主人	2	0.00033909799932180403
黃文平	2	0.00033909799932180403
安東赫	2	0.00033909799932180403
아저씨	2	0.00033909799932180403
金大駿	2	0.00033909799932180403
申基碩	2	0.00033909799932180403
黃河學人	2	0.00033909799932180403
玄德	2	0.00033909799932180403
申尙寶	2	0.00033909799932180403
申尙賓	2	0.00033909799932180403
新井記者	2	0.00033909799932180403
洪命熹	2	0.00033909799932180403
金來成	2	0.00033909799932180403
成仁基	2	0.00033909799932180403
申澈	2	0.00033909799932180403
孫應星	2	0.00033909799932180403
孫宇聲	2	0.00033909799932180403
沈灣	2	0.00033909799932180403
金朝奎	2	0.00033909799932180403
沈載淳	2	0.00033909799932180403
兪恒林	2	0.00033909799932180403
裵鎔潤	2	0.00033909799932180403
吳東根	2	0.00033909799932180403
裵?	2	0.00033909799932180403
韓銀珍	2	0.00033909799932180403
香村薰	2	0.00033909799932180403
咸逸敦	2	0.00033909799932180403
咸錫憲	2	0.00033909799932180403
韓禧洙	2	0.00033909799932180403
朴甲	2	0.00033909799932180403
閔炯來	2	0.00033909799932180403
閔榮珪	2	0.00033909799932180403
文學準	2	0.00033909799932180403
許河伯	2	0.00033909799932180403
趙晶基	2	0.00033909799932180403
尹?鍾	2	0.00033909799932180403
文相維	2	0.00033909799932180403
无涯	2	0.00033909799932180403
牧一郞	2	0.00033909799932180403
牧山春稙	2	0.00033909799932180403
尹基洪	2	0.00033909799932180403
許民	2	0.00033909799932180403
雲峰山人	2	0.00033909799932180403
方仁熙	2	0.00033909799932180403
朴致祐	2	0.00033909799932180403
洪記者	2	0.00033909799932180403
吳龍淳	2	0.00033909799932180403
盤龍學人	2	0.00033909799932180403
朴熙永	2	0.00033909799932180403
朴興植	2	0.00033909799932180403
黃順元	2	0.00033909799932180403
吳仁榮	2	0.00033909799932180403
朴哲	2	0.00033909799932180403
玄東炎	2	0.00033909799932180403
玉山巴	2	0.00033909799932180403
玄永燮	2	0.00033909799932180403
臥牛山人	2	0.00033909799932180403
朴一淵	2	0.00033909799932180403
朴仁守	2	0.00033909799932180403
朴仁培	2	0.00033909799932180403
朴允進	2	0.00033909799932180403
金道泰	2	0.00033909799932180403
詩夢樓人	2	0.00033909799932180403
姜敬愛	2	0.00033909799932180403
張時旭	2	0.00033909799932180403
李現郁	2	0.00033909799932180403
李哲	2	0.00033909799932180403
丁來東	2	0.00033909799932180403
李鶴成	2	0.00033909799932180403
鄭用姬	2	0.00033909799932180403
權相老	2	0.00033909799932180403
鄭遇尙	2	0.00033909799932180403
金康文	2	0.00033909799932180403
全承範	2	0.00033909799932180403
康鴻運	2	0.00033909799932180403
趙城鎬	2	0.00033909799932180403
曹溪山人	2	0.00033909799932180403
鬼嵐居士	2	0.00033909799932180403
庚秋崗	2	0.00033909799932180403
李鎭華	2	0.00033909799932180403
李知奉	2	0.00033909799932180403
趙善行	2	0.00033909799932180403
權悳奎	2	0.00033909799932180403
鄭潤鎔	2	0.00033909799932180403
曺南嶺	2	0.00033909799932180403
曺秉相	2	0.00033909799932180403
鄭義浩	2	0.00033909799932180403
金恭淳	2	0.00033909799932180403
李漢	2	0.00033909799932180403
張德三	2	0.00033909799932180403
鄭仁果	2	0.00033909799932180403
張德秀	2	0.00033909799932180403
張世武	2	0.00033909799932180403
全良鳳	2	0.00033909799932180403
田澤二	2	0.00033909799932180403
林白虎	2	0.00033909799932180403
姜鷺鄕	2	0.00033909799932180403
관조	2	0.00033909799932180403
全俊八	2	0.00033909799932180403
張貞心	2	0.00033909799932180403
李勳求	2	0.00033909799932180403
金谷玄松	2	0.00033909799932180403
李鍾星	2	0.00033909799932180403
權五翼	2	0.00033909799932180403
田熙福	2	0.00033909799932180403
金谷記者	2	0.00033909799932180403
吳宗植	1	0.00016954899966090201
玄水	1	0.00016954899966090201
鄭君信	1	0.00016954899966090201
玄石連	1	0.00016954899966090201
禹昇圭	1	0.00016954899966090201
林善孝	1	0.00016954899966090201
宇英生	1	0.00016954899966090201
玄富鎭	1	0.00016954899966090201
吳知泳翁	1	0.00016954899966090201
鄭?山	1	0.00016954899966090201
吳化龍	1	0.00016954899966090201
田村啓	1	0.00016954899966090201
鄭圭珣	1	0.00016954899966090201
禹孝鐘	1	0.00016954899966090201
任淳得	1	0.00016954899966090201
吳菁蕙	1	0.00016954899966090201
禹曉鐘	1	0.00016954899966090201
왕동	1	0.00016954899966090201
任晳宰	1	0.00016954899966090201
林東爀	1	0.00016954899966090201
吳有生	1	0.00016954899966090201
玄駿	1	0.00016954899966090201
鄭甲	1	0.00016954899966090201
玄致洙	1	0.00016954899966090201
溫樂中	1	0.00016954899966090201
鄭光鉉	1	0.00016954899966090201
吳貞錫	1	0.00016954899966090201
慧明生	1	0.00016954899966090201
吳一島	1	0.00016954899966090201
林柏生	1	0.00016954899966090201
王大雅	1	0.00016954899966090201
田鶴培	1	0.00016954899966090201
현순	1	0.00016954899966090201
烏川僑源	1	0.00016954899966090201
田村肇	1	0.00016954899966090201
鄭廣鉉	1	0.00016954899966090201
玄潤	1	0.00016954899966090201
虛山谷人	1	0.00016954899966090201
丁奎昶	1	0.00016954899966090201
鄭炳泰	1	0.00016954899966090201
韓興洙	1	0.00016954899966090201
劉璨植	1	0.00016954899966090201
韓薰淑	1	0.00016954899966090201
鄭麟煥	1	0.00016954899966090201
丁文敎	1	0.00016954899966090201
韓炯模	1	0.00016954899966090201
정백운	1	0.00016954899966090201
柳哲	1	0.00016954899966090201
韓巴嶺	1	0.00016954899966090201
韓一松	1	0.00016954899966090201
韓寅洙	1	0.00016954899966090201
劉漢徹	1	0.00016954899966090201
韓仁洙	1	0.00016954899966090201
陸定修	1	0.00016954899966090201
咸德	1	0.00016954899966090201
인오	1	0.00016954899966090201
李熙烈	1	0.00016954899966090201
陸孝園	1	0.00016954899966090201
韓雲山	1	0.00016954899966090201
李洽	1	0.00016954899966090201
尹鼓鍾	1	0.00016954899966090201
韓旭	1	0.00016954899966090201
韓玉姬	1	0.00016954899966090201
鄭三英	1	0.00016954899966090201
韓信京	1	0.00016954899966090201
尹敎重	1	0.00016954899966090201
韓壽哲	1	0.00016954899966090201
韓相龍	1	0.00016954899966090201
柳鎭鎬	1	0.00016954899966090201
柳宗基	1	0.00016954899966090201
鄭圭哲	1	0.00016954899966090201
柳基馥	1	0.00016954899966090201
許俊	1	0.00016954899966090201
許英肅	1	0.00016954899966090201
雲岩山人	1	0.00016954899966090201
雄超	1	0.00016954899966090201
元世默	1	0.00016954899966090201
吳詳根	1	0.00016954899966090201
源庵翁	1	0.00016954899966090201
鄭槿陽	1	0.00016954899966090201
月灘朴鍾和	1	0.00016954899966090201
許?	1	0.00016954899966090201
一朶紅	1	0.00016954899966090201
香川相珏	1	0.00016954899966090201
柳光鉉	1	0.00016954899966090201
鄭來東	1	0.00016954899966090201
咸錫泰	1	0.00016954899966090201
柳東泉	1	0.00016954899966090201
海印寺潮之丞	1	0.00016954899966090201
有馬賴寧	1	0.00016954899966090201
海野貢	1	0.00016954899966090201
柳誠愛	1	0.00016954899966090201
柳承福	1	0.00016954899966090201
咸和鎭	1	0.00016954899966090201
一愛國生	1	0.00016954899966090201
涵虛堂	1	0.00016954899966090201
柳永模	1	0.00016954899966090201
一步生	1	0.00016954899966090201
咸舜基	1	0.00016954899966090201
一等主計兵	1	0.00016954899966090201
湖岩	1	0.00016954899966090201
李鍾麟	1	0.00016954899966090201
全昌根	1	0.00016954899966090201
申喜文	1	0.00016954899966090201
張成根	1	0.00016954899966090201
張善禧	1	0.00016954899966090201
張石堂	1	0.00016954899966090201
沈貞燮	1	0.00016954899966090201
張祥洪	1	0.00016954899966090201
雙山華城	1	0.00016954899966090201
全東民	1	0.00016954899966090201
張相林	1	0.00016954899966090201
啞鈴	1	0.00016954899966090201
黃浦江人	1	0.00016954899966090201
亞乙巴	1	0.00016954899966090201
張山益斗	1	0.00016954899966090201
安廓	1	0.00016954899966090201
黃澈	1	0.00016954899966090201
安奎應	1	0.00016954899966090201
黃儀敦	1	0.00016954899966090201
安德根	1	0.00016954899966090201
黃時木	1	0.00016954899966090201
黃民	1	0.00016954899966090201
安東洙	1	0.00016954899966090201
張山有厚	1	0.00016954899966090201
安尙老	1	0.00016954899966090201
張鳳翰	1	0.00016954899966090201
黃金天樹	1	0.00016954899966090201
張鳳鎭	1	0.00016954899966090201
全領	1	0.00016954899966090201
黃慶守	1	0.00016954899966090201
沈訥	1	0.00016954899966090201
申泰聖	1	0.00016954899966090201
張文卿	1	0.00016954899966090201
愼兌範	1	0.00016954899966090201
申敎錫	1	0.00016954899966090201
申龜鉉	1	0.00016954899966090201
荻崖	1	0.00016954899966090201
張打鈴	1	0.00016954899966090201
張陣	1	0.00016954899966090201
申島純	1	0.00016954899966090201
辛島驍	1	0.00016954899966090201
申斗碩	1	0.00016954899966090201
辛鳳祚	1	0.00016954899966090201
張正男	1	0.00016954899966090201
申不出	1	0.00016954899966090201
長田新	1	0.00016954899966090201
張子一	1	0.00016954899966090201
申曙野	1	0.00016954899966090201
申湜	1	0.00016954899966090201
申瑩撤	1	0.00016954899966090201
新入生	1	0.00016954899966090201
張寅湜	1	0.00016954899966090201
新井大觀	1	0.00016954899966090201
張應斗	1	0.00016954899966090201
新井淵禧	1	0.00016954899966090201
申佐峴	1	0.00016954899966090201
張潤河	1	0.00016954899966090201
張元龍河	1	0.00016954899966090201
赤泉生	1	0.00016954899966090201
張時郁	1	0.00016954899966090201
張誠一	1	0.00016954899966090201
張文園	1	0.00016954899966090201
全武吉	1	0.00016954899966090201
洪蘭坡	1	0.00016954899966090201
嚴太燮	1	0.00016954899966090201
呂順玉	1	0.00016954899966090201
田植	1	0.00016954899966090201
呂運弘	1	0.00016954899966090201
洪淳玉	1	0.00016954899966090201
入峰	1	0.00016954899966090201
열재션생	1	0.00016954899966090201
廉貴禮	1	0.00016954899966090201
洪淳敬	1	0.00016954899966090201
廉浩烈	1	0.00016954899966090201
林孝貞	1	0.00016954899966090201
英生	1	0.00016954899966090201
洪善均	1	0.00016954899966090201
鈴川元章	1	0.00016954899966090201
林春吉	1	0.00016954899966090201
林昌淳	1	0.00016954899966090201
永川精男	1	0.00016954899966090201
猊巖	1	0.00016954899966090201
吳競善	1	0.00016954899966090201
林貞健	1	0.00016954899966090201
吳基永	1	0.00016954899966090201
吳吉	1	0.00016954899966090201
尹權亨	1	0.00016954899966090201
全俊榮	1	0.00016954899966090201
吳龍淳	1	0.00016954899966090201
吳山城	1	0.00016954899966090201
午山俊男	1	0.00016954899966090201
田中政務總監	1	0.00016954899966090201
洪承?	1	0.00016954899966090201
嚴成業	1	0.00016954899966090201
安田敏	1	0.00016954899966090201
子女孫	1	0.00016954899966090201
安田元哲	1	0.00016954899966090201
安定昌	1	0.00016954899966090201
華觀	1	0.00016954899966090201
洪亨義	1	0.00016954899966090201
洪春湖	1	0.00016954899966090201
洪振福	1	0.00016954899966090201
張東鎭	1	0.00016954899966090201
安活相	1	0.00016954899966090201
洪貞淳	1	0.00016954899966090201
岩田和成	1	0.00016954899966090201
洪逸灼	1	0.00016954899966090201
全壽宴	1	0.00016954899966090201
洪翼範	1	0.00016954899966090201
홍윤식	1	0.00016954899966090201
良淳模	1	0.00016954899966090201
楊雲閒	1	0.00016954899966090201
梁原柱三	1	0.00016954899966090201
章臺峴人	1	0.00016954899966090201
梁一泉	1	0.00016954899966090201
長江	1	0.00016954899966090201
梁在媛	1	0.00016954899966090201
梁貞香	1	0.00016954899966090201
者未詳	1	0.00016954899966090201
洪龍澤	1	0.00016954899966090201
洪陽明	1	0.00016954899966090201
梁柱三	1	0.00016954899966090201
梁泰淳	1	0.00016954899966090201
李花天	1	0.00016954899966090201
尹聖相	1	0.00016954899966090201
李化三	1	0.00016954899966090201
李用岳	1	0.00016954899966090201
李順女	1	0.00016954899966090201
李順福	1	0.00016954899966090201
趙錦子	1	0.00016954899966090201
李述建	1	0.00016954899966090201
李崇寧	1	0.00016954899966090201
泉泉生	1	0.00016954899966090201
天棕	1	0.00016954899966090201
千正鐵	1	0.00016954899966090201
李俊淑	1	0.00016954899966090201
趙東秀	1	0.00016954899966090201
千亞土	1	0.00016954899966090201
李駿相	1	0.00016954899966090201
趙東植	1	0.00016954899966090201
趙東源	1	0.00016954899966090201
趙茂容	1	0.00016954899966090201
蔡基愛	1	0.00016954899966090201
滄海學人	1	0.00016954899966090201
趙文相	1	0.00016954899966090201
李如星	1	0.00016954899966090201
李周星	1	0.00016954899966090201
倉茂周藏	1	0.00016954899966090201
李榮	1	0.00016954899966090201
趙炳悳	1	0.00016954899966090201
李英述	1	0.00016954899966090201
李永哲	1	0.00016954899966090201
李烏山	1	0.00016954899966090201
이옥섬	1	0.00016954899966090201
철인	1	0.00016954899966090201
李淑鍾	1	0.00016954899966090201
李秀馨	1	0.00016954899966090201
李靑山	1	0.00016954899966090201
崔常壽	1	0.00016954899966090201
申敬淳	1	0.00016954899966090201
李書九	1	0.00016954899966090201
鄭熙俊	1	0.00016954899966090201
崔福女	1	0.00016954899966090201
李石	1	0.00016954899966090201
崔斗永	1	0.00016954899966090201
李石純	1	0.00016954899966090201
이추백	1	0.00016954899966090201
李靑天	1	0.00016954899966090201
崔獨鵑	1	0.00016954899966090201
崔嵐嶺	1	0.00016954899966090201
李璿卿	1	0.00016954899966090201
靑綠庵翁	1	0.00016954899966090201
李瑄燮	1	0.00016954899966090201
崔南九	1	0.00016954899966090201
諸葛良	1	0.00016954899966090201
李千石	1	0.00016954899966090201
李聖鳳	1	0.00016954899966090201
李聖柱	1	0.00016954899966090201
崔奎東	1	0.00016954899966090201
李性杓	1	0.00016954899966090201
李世民	1	0.00016954899966090201
靑笑	1	0.00016954899966090201
李守伯	1	0.00016954899966090201
趙桂英	1	0.00016954899966090201
車貞女	1	0.00016954899966090201
李雲林	1	0.00016954899966090201
한民	1	0.00016954899966090201
車自鳴	1	0.00016954899966090201
李在晩	1	0.00016954899966090201
李在馥	1	0.00016954899966090201
李在映	1	0.00016954899966090201
朱曜翰	1	0.00016954899966090201
周王山	1	0.00016954899966090201
李在瑛	1	0.00016954899966090201
趙淳長	1	0.00016954899966090201
李在旭	1	0.00016954899966090201
朱石人	1	0.00016954899966090201
李在顯	1	0.00016954899966090201
朱炳乾	1	0.00016954899966090201
李載玄	1	0.00016954899966090201
李鍾雨	1	0.00016954899966090201
李定根	1	0.00016954899966090201
朱明順	1	0.00016954899966090201
珠簾山人	1	0.00016954899966090201
朱洛瓚	1	0.00016954899966090201
이정신	1	0.00016954899966090201
趙鏞薰	1	0.00016954899966090201
佐野正人	1	0.00016954899966090201
鍾山	1	0.00016954899966090201
趙亨吉	1	0.00016954899966090201
趙賢景	1	0.00016954899966090201
李濟順	1	0.00016954899966090201
趙仁奎	1	0.00016954899966090201
李鍾民	1	0.00016954899966090201
趙賢京	1	0.00016954899966090201
朱元	1	0.00016954899966090201
李人稙	1	0.00016954899966090201
中島報道班員	1	0.00016954899966090201
秦是黃	1	0.00016954899966090201
伊原圭	1	0.00016954899966090201
李元根	1	0.00016954899966090201
曺秉懿	1	0.00016954899966090201
車銀喆	1	0.00016954899966090201
車影	1	0.00016954899966090201
李元玉淳	1	0.00016954899966090201
車信正	1	0.00016954899966090201
車相讚	1	0.00016954899966090201
이주훈	1	0.00016954899966090201
李鍾浩	1	0.00016954899966090201
車金石	1	0.00016954899966090201
集生	1	0.00016954899966090201
李允鍾	1	0.00016954899966090201
中川五十次	1	0.00016954899966090201
李恩撤	1	0.00016954899966090201
池河運	1	0.00016954899966090201
池泰鎭	1	0.00016954899966090201
知如	1	0.00016954899966090201
李應淑	1	0.00016954899966090201
趙淑卿	1	0.00016954899966090201
李益相	1	0.00016954899966090201
李麟模	1	0.00016954899966090201
李仁星	1	0.00016954899966090201
李仁聖	1	0.00016954899966090201
李仁洙	1	0.00016954899966090201
增永弘	1	0.00016954899966090201
崔相弼	1	0.00016954899966090201
鄭熙錫	1	0.00016954899966090201
李相和	1	0.00016954899966090201
崔碩士	1	0.00016954899966090201
尹瀅鍊	1	0.00016954899966090201
栗田兵長	1	0.00016954899966090201
恩波	1	0.00016954899966090201
坂西利八郞	1	0.00016954899966090201
李家錦東	1	0.00016954899966090201
퉁부처	1	0.00016954899966090201
李家男	1	0.00016954899966090201
李家怡植	1	0.00016954899966090201
李家鍾	1	0.00016954899966090201
李家哲三	1	0.00016954899966090201
丁友海	1	0.00016954899966090201
李健赫	1	0.00016954899966090201
太視生	1	0.00016954899966090201
李鄕	1	0.00016954899966090201
鄭雲韶	1	0.00016954899966090201
李海浪	1	0.00016954899966090201
李景文	1	0.00016954899966090201
李敬媛	1	0.00016954899966090201
李漢哲	1	0.00016954899966090201
李啓元	1	0.00016954899966090201
卓澈	1	0.00016954899966090201
卓時淵	1	0.00016954899966090201
李孤園	1	0.00016954899966090201
翠汀學人	1	0.00016954899966090201
李孤村	1	0.00016954899966090201
李光斌	1	0.00016954899966090201
春生	1	0.00016954899966090201
平林良夫	1	0.00016954899966090201
平山賢子	1	0.00016954899966090201
李賢玉	1	0.00016954899966090201
하은택	1	0.00016954899966090201
李鎬雨	1	0.00016954899966090201
尹東向	1	0.00016954899966090201
한마음	1	0.00016954899966090201
韓國模	1	0.00016954899966090201
李湖影	1	0.00016954899966090201
尹炳烈	1	0.00016954899966090201
韓光燮	1	0.00016954899966090201
鄭石	1	0.00016954899966090201
李皓根	1	0.00016954899966090201
韓景相	1	0.00016954899966090201
趙昌元	1	0.00016954899966090201
河淸	1	0.00016954899966090201
尹小姐	1	0.00016954899966090201
表雲成	1	0.00016954899966090201
鄭順姬	1	0.00016954899966090201
河連	1	0.00016954899966090201
河野六郞	1	0.00016954899966090201
李晧根	1	0.00016954899966090201
皮千得	1	0.00016954899966090201
尹信孝	1	0.00016954899966090201
豊川肇	1	0.00016954899966090201
尹日善	1	0.00016954899966090201
豊川淑宰	1	0.00016954899966090201
豊原正繁	1	0.00016954899966090201
鄭烈模	1	0.00016954899966090201
風流山人	1	0.00016954899966090201
李鳩	1	0.00016954899966090201
秋湖田榮澤	1	0.00016954899966090201
秋葉隆	1	0.00016954899966090201
崔淵海	1	0.00016954899966090201
崔寅奎	1	0.00016954899966090201
李文炳	1	0.00016954899966090201
崔義順	1	0.00016954899966090201
李民	1	0.00016954899966090201
李栢峯	1	0.00016954899966090201
伊坂和夫	1	0.00016954899966090201
李澤出	1	0.00016954899966090201
崔由	1	0.00016954899966090201
崔原奎	1	0.00016954899966090201
崔映海	1	0.00016954899966090201
崔英壽	1	0.00016954899966090201
鄭澤	1	0.00016954899966090201
李本寧	1	0.00016954899966090201
張或根	1	0.00016954899966090201
鄭포을	1	0.00016954899966090201
鄭和英	1	0.00016954899966090201
崔成烈	1	0.00016954899966090201
崔雪卿	1	0.00016954899966090201
李北南	1	0.00016954899966090201
崔善福	1	0.00016954899966090201
鄭和溶	1	0.00016954899966090201
李相睦	1	0.00016954899966090201
李泰洙	1	0.00016954899966090201
李相玉	1	0.00016954899966090201
理想人	1	0.00016954899966090201
崔石崇	1	0.00016954899966090201
李明善	1	0.00016954899966090201
崔仁俊	1	0.00016954899966090201
李奎燁	1	0.00016954899966090201
李琴堂	1	0.00016954899966090201
李奎炯	1	0.00016954899966090201
秋山巖	1	0.00016954899966090201
李圭薰	1	0.00016954899966090201
丁重煥	1	0.00016954899966090201
李寒松	1	0.00016954899966090201
崔熙	1	0.00016954899966090201
崔台鎬	1	0.00016954899966090201
鄭芝鎔	1	0.00016954899966090201
崔千代子	1	0.00016954899966090201
崔讚植	1	0.00016954899966090201
李根昌	1	0.00016954899966090201
崔仲瑞	1	0.00016954899966090201
鄭鎭燮	1	0.00016954899966090201
李風伯	1	0.00016954899966090201
崔俊模	1	0.00016954899966090201
崔鍾璿	1	0.00016954899966090201
李起瑞	1	0.00016954899966090201
崔宗範	1	0.00016954899966090201
李魯夫	1	0.00016954899966090201
鄭采山	1	0.00016954899966090201
崔正益	1	0.00016954899966090201
李大容	1	0.00016954899966090201
鄭泰炳	1	0.00016954899966090201
李道尙	1	0.00016954899966090201
崔一松	1	0.00016954899966090201
崔一宣	1	0.00016954899966090201
張孝準	1	0.00016954899966090201
朴鎬愛	1	0.00016954899966090201
申敬均	1	0.00016954899966090201
2681	1	0.00016954899966090201
2691	1	0.00016954899966090201
2690	1	0.00016954899966090201
2689	1	0.00016954899966090201
2688	1	0.00016954899966090201
2687	1	0.00016954899966090201
2686	1	0.00016954899966090201
2685	1	0.00016954899966090201
2684	1	0.00016954899966090201
2683	1	0.00016954899966090201
2682	1	0.00016954899966090201
2680	1	0.00016954899966090201
2693	1	0.00016954899966090201
2679	1	0.00016954899966090201
2678	1	0.00016954899966090201
2677	1	0.00016954899966090201
2676	1	0.00016954899966090201
2675	1	0.00016954899966090201
2674	1	0.00016954899966090201
2673	1	0.00016954899966090201
2672	1	0.00016954899966090201
2671	1	0.00016954899966090201
2670	1	0.00016954899966090201
2692	1	0.00016954899966090201
2694	1	0.00016954899966090201
2719	1	0.00016954899966090201
2707	1	0.00016954899966090201
2717	1	0.00016954899966090201
2716	1	0.00016954899966090201
2715	1	0.00016954899966090201
2714	1	0.00016954899966090201
2713	1	0.00016954899966090201
2712	1	0.00016954899966090201
2711	1	0.00016954899966090201
2710	1	0.00016954899966090201
2709	1	0.00016954899966090201
2708	1	0.00016954899966090201
2706	1	0.00016954899966090201
2695	1	0.00016954899966090201
2705	1	0.00016954899966090201
2704	1	0.00016954899966090201
2703	1	0.00016954899966090201
2702	1	0.00016954899966090201
2701	1	0.00016954899966090201
2700	1	0.00016954899966090201
2699	1	0.00016954899966090201
2698	1	0.00016954899966090201
2697	1	0.00016954899966090201
2696	1	0.00016954899966090201
2669	1	0.00016954899966090201
2668	1	0.00016954899966090201
2667	1	0.00016954899966090201
1831	1	0.00016954899966090201
2078	1	0.00016954899966090201
2077	1	0.00016954899966090201
2075	1	0.00016954899966090201
2074	1	0.00016954899966090201
2033	1	0.00016954899966090201
2031	1	0.00016954899966090201
1969	1	0.00016954899966090201
1870	1	0.00016954899966090201
1848	1	0.00016954899966090201
1839	1	0.00016954899966090201
1830	1	0.00016954899966090201
2647	1	0.00016954899966090201
1829	1	0.00016954899966090201
1828	1	0.00016954899966090201
1827	1	0.00016954899966090201
1826	1	0.00016954899966090201
1825	1	0.00016954899966090201
1824	1	0.00016954899966090201
1820	1	0.00016954899966090201
1819	1	0.00016954899966090201
1804	1	0.00016954899966090201
1800	1	0.00016954899966090201
2081	1	0.00016954899966090201
2089	1	0.00016954899966090201
2143	1	0.00016954899966090201
2144	1	0.00016954899966090201
2646	1	0.00016954899966090201
2645	1	0.00016954899966090201
2644	1	0.00016954899966090201
2643	1	0.00016954899966090201
2642	1	0.00016954899966090201
2641	1	0.00016954899966090201
2640	1	0.00016954899966090201
2639	1	0.00016954899966090201
2638	1	0.00016954899966090201
2637	1	0.00016954899966090201
2636	1	0.00016954899966090201
2433	1	0.00016954899966090201
2432	1	0.00016954899966090201
2431	1	0.00016954899966090201
2293	1	0.00016954899966090201
2166	1	0.00016954899966090201
2154	1	0.00016954899966090201
2153	1	0.00016954899966090201
2150	1	0.00016954899966090201
2148	1	0.00016954899966090201
2147	1	0.00016954899966090201
2718	1	0.00016954899966090201
2720	1	0.00016954899966090201
矢鍋永三郞	1	0.00016954899966090201
2825	1	0.00016954899966090201
2835	1	0.00016954899966090201
2834	1	0.00016954899966090201
2833	1	0.00016954899966090201
2832	1	0.00016954899966090201
2831	1	0.00016954899966090201
2830	1	0.00016954899966090201
2829	1	0.00016954899966090201
2828	1	0.00016954899966090201
2827	1	0.00016954899966090201
2826	1	0.00016954899966090201
2824	1	0.00016954899966090201
2837	1	0.00016954899966090201
2823	1	0.00016954899966090201
2822	1	0.00016954899966090201
2821	1	0.00016954899966090201
2820	1	0.00016954899966090201
2816	1	0.00016954899966090201
2815	1	0.00016954899966090201
2814	1	0.00016954899966090201
2813	1	0.00016954899966090201
2812	1	0.00016954899966090201
2811	1	0.00016954899966090201
2836	1	0.00016954899966090201
2847	1	0.00016954899966090201
2721	1	0.00016954899966090201
3011	1	0.00016954899966090201
姜大元	1	0.00016954899966090201
姜魯石	1	0.00016954899966090201
姜南木	1	0.00016954899966090201
家滋玉	1	0.00016954899966090201
PM生	1	0.00016954899966090201
MP	1	0.00016954899966090201
C生記	1	0.00016954899966090201
CY生	1	0.00016954899966090201
3022	1	0.00016954899966090201
3019	1	0.00016954899966090201
3010	1	0.00016954899966090201
2848	1	0.00016954899966090201
2995	1	0.00016954899966090201
2990	1	0.00016954899966090201
2985	1	0.00016954899966090201
2966	1	0.00016954899966090201
2965	1	0.00016954899966090201
2953	1	0.00016954899966090201
2932	1	0.00016954899966090201
2920	1	0.00016954899966090201
2900	1	0.00016954899966090201
2855	1	0.00016954899966090201
2810	1	0.00016954899966090201
2809	1	0.00016954899966090201
2808	1	0.00016954899966090201
2762	1	0.00016954899966090201
2772	1	0.00016954899966090201
2771	1	0.00016954899966090201
2770	1	0.00016954899966090201
2769	1	0.00016954899966090201
2768	1	0.00016954899966090201
2767	1	0.00016954899966090201
2766	1	0.00016954899966090201
2765	1	0.00016954899966090201
2764	1	0.00016954899966090201
2763	1	0.00016954899966090201
2761	1	0.00016954899966090201
2807	1	0.00016954899966090201
2760	1	0.00016954899966090201
2759	1	0.00016954899966090201
2758	1	0.00016954899966090201
2757	1	0.00016954899966090201
2756	1	0.00016954899966090201
2726	1	0.00016954899966090201
2725	1	0.00016954899966090201
2724	1	0.00016954899966090201
2723	1	0.00016954899966090201
2722	1	0.00016954899966090201
2782	1	0.00016954899966090201
2783	1	0.00016954899966090201
2784	1	0.00016954899966090201
2785	1	0.00016954899966090201
2806	1	0.00016954899966090201
2805	1	0.00016954899966090201
2804	1	0.00016954899966090201
2803	1	0.00016954899966090201
2802	1	0.00016954899966090201
2801	1	0.00016954899966090201
2800	1	0.00016954899966090201
2799	1	0.00016954899966090201
2798	1	0.00016954899966090201
2797	1	0.00016954899966090201
2796	1	0.00016954899966090201
2795	1	0.00016954899966090201
2794	1	0.00016954899966090201
2793	1	0.00016954899966090201
2792	1	0.00016954899966090201
2791	1	0.00016954899966090201
2790	1	0.00016954899966090201
2789	1	0.00016954899966090201
2788	1	0.00016954899966090201
2787	1	0.00016954899966090201
2786	1	0.00016954899966090201
1797	1	0.00016954899966090201
1796	1	0.00016954899966090201
1786	1	0.00016954899966090201
1573	1	0.00016954899966090201
1583	1	0.00016954899966090201
1582	1	0.00016954899966090201
1581	1	0.00016954899966090201
1580	1	0.00016954899966090201
1579	1	0.00016954899966090201
1578	1	0.00016954899966090201
1577	1	0.00016954899966090201
1576	1	0.00016954899966090201
1575	1	0.00016954899966090201
1574	1	0.00016954899966090201
1572	1	0.00016954899966090201
1585	1	0.00016954899966090201
1571	1	0.00016954899966090201
1570	1	0.00016954899966090201
1569	1	0.00016954899966090201
1568	1	0.00016954899966090201
1567	1	0.00016954899966090201
1566	1	0.00016954899966090201
1565	1	0.00016954899966090201
1564	1	0.00016954899966090201
1563	1	0.00016954899966090201
1562	1	0.00016954899966090201
1584	1	0.00016954899966090201
1586	1	0.00016954899966090201
1783	1	0.00016954899966090201
1599	1	0.00016954899966090201
1609	1	0.00016954899966090201
1608	1	0.00016954899966090201
1607	1	0.00016954899966090201
1606	1	0.00016954899966090201
1605	1	0.00016954899966090201
1604	1	0.00016954899966090201
1603	1	0.00016954899966090201
1602	1	0.00016954899966090201
1601	1	0.00016954899966090201
1600	1	0.00016954899966090201
1598	1	0.00016954899966090201
1587	1	0.00016954899966090201
1597	1	0.00016954899966090201
1596	1	0.00016954899966090201
1595	1	0.00016954899966090201
1594	1	0.00016954899966090201
1593	1	0.00016954899966090201
1592	1	0.00016954899966090201
1591	1	0.00016954899966090201
1590	1	0.00016954899966090201
1589	1	0.00016954899966090201
1588	1	0.00016954899966090201
1561	1	0.00016954899966090201
1560	1	0.00016954899966090201
1559	1	0.00016954899966090201
1000	1	0.00016954899966090201
1532	1	0.00016954899966090201
1531	1	0.00016954899966090201
1530	1	0.00016954899966090201
1451	1	0.00016954899966090201
1450	1	0.00016954899966090201
1009	1	0.00016954899966090201
1008	1	0.00016954899966090201
1007	1	0.00016954899966090201
1006	1	0.00016954899966090201
1005	1	0.00016954899966090201
999	1	0.00016954899966090201
1558	1	0.00016954899966090201
998	1	0.00016954899966090201
997	1	0.00016954899966090201
799	1	0.00016954899966090201
798	1	0.00016954899966090201
776	1	0.00016954899966090201
673	1	0.00016954899966090201
672	1	0.00016954899966090201
671	1	0.00016954899966090201
李秉哲	1	0.00016954899966090201
朴贊謨	1	0.00016954899966090201
1533	1	0.00016954899966090201
1534	1	0.00016954899966090201
1535	1	0.00016954899966090201
1536	1	0.00016954899966090201
1557	1	0.00016954899966090201
1556	1	0.00016954899966090201
1555	1	0.00016954899966090201
1554	1	0.00016954899966090201
1553	1	0.00016954899966090201
1552	1	0.00016954899966090201
1551	1	0.00016954899966090201
1550	1	0.00016954899966090201
1549	1	0.00016954899966090201
1548	1	0.00016954899966090201
1547	1	0.00016954899966090201
1546	1	0.00016954899966090201
1545	1	0.00016954899966090201
1544	1	0.00016954899966090201
1543	1	0.00016954899966090201
1542	1	0.00016954899966090201
1541	1	0.00016954899966090201
1540	1	0.00016954899966090201
1539	1	0.00016954899966090201
1538	1	0.00016954899966090201
1537	1	0.00016954899966090201
1610	1	0.00016954899966090201
1611	1	0.00016954899966090201
1612	1	0.00016954899966090201
1706	1	0.00016954899966090201
1734	1	0.00016954899966090201
1733	1	0.00016954899966090201
1732	1	0.00016954899966090201
1731	1	0.00016954899966090201
1730	1	0.00016954899966090201
1729	1	0.00016954899966090201
1710	1	0.00016954899966090201
1709	1	0.00016954899966090201
1708	1	0.00016954899966090201
1707	1	0.00016954899966090201
1699	1	0.00016954899966090201
1666	1	0.00016954899966090201
1698	1	0.00016954899966090201
1697	1	0.00016954899966090201
1696	1	0.00016954899966090201
1695	1	0.00016954899966090201
1694	1	0.00016954899966090201
1693	1	0.00016954899966090201
1692	1	0.00016954899966090201
1672	1	0.00016954899966090201
1671	1	0.00016954899966090201
1668	1	0.00016954899966090201
1735	1	0.00016954899966090201
1736	1	0.00016954899966090201
1737	1	0.00016954899966090201
1738	1	0.00016954899966090201
1782	1	0.00016954899966090201
1778	1	0.00016954899966090201
1767	1	0.00016954899966090201
1761	1	0.00016954899966090201
1755	1	0.00016954899966090201
1754	1	0.00016954899966090201
1753	1	0.00016954899966090201
1752	1	0.00016954899966090201
1751	1	0.00016954899966090201
1750	1	0.00016954899966090201
1749	1	0.00016954899966090201
1748	1	0.00016954899966090201
1747	1	0.00016954899966090201
1746	1	0.00016954899966090201
1745	1	0.00016954899966090201
1744	1	0.00016954899966090201
1743	1	0.00016954899966090201
1742	1	0.00016954899966090201
1741	1	0.00016954899966090201
1740	1	0.00016954899966090201
1739	1	0.00016954899966090201
1667	1	0.00016954899966090201
1665	1	0.00016954899966090201
1613	1	0.00016954899966090201
1625	1	0.00016954899966090201
1635	1	0.00016954899966090201
1634	1	0.00016954899966090201
1633	1	0.00016954899966090201
1632	1	0.00016954899966090201
1631	1	0.00016954899966090201
1630	1	0.00016954899966090201
1629	1	0.00016954899966090201
1628	1	0.00016954899966090201
1627	1	0.00016954899966090201
1626	1	0.00016954899966090201
1624	1	0.00016954899966090201
1664	1	0.00016954899966090201
1623	1	0.00016954899966090201
1622	1	0.00016954899966090201
1621	1	0.00016954899966090201
1620	1	0.00016954899966090201
1619	1	0.00016954899966090201
1618	1	0.00016954899966090201
1617	1	0.00016954899966090201
1616	1	0.00016954899966090201
1615	1	0.00016954899966090201
1614	1	0.00016954899966090201
1636	1	0.00016954899966090201
1637	1	0.00016954899966090201
1638	1	0.00016954899966090201
1639	1	0.00016954899966090201
1663	1	0.00016954899966090201
1659	1	0.00016954899966090201
1658	1	0.00016954899966090201
1657	1	0.00016954899966090201
1656	1	0.00016954899966090201
1655	1	0.00016954899966090201
1654	1	0.00016954899966090201
1653	1	0.00016954899966090201
1652	1	0.00016954899966090201
1651	1	0.00016954899966090201
1650	1	0.00016954899966090201
1649	1	0.00016954899966090201
1648	1	0.00016954899966090201
1647	1	0.00016954899966090201
1646	1	0.00016954899966090201
1645	1	0.00016954899966090201
1644	1	0.00016954899966090201
1643	1	0.00016954899966090201
1642	1	0.00016954899966090201
1641	1	0.00016954899966090201
1640	1	0.00016954899966090201
姜明希	1	0.00016954899966090201
姜炳周	1	0.00016954899966090201
姜福信	1	0.00016954899966090201
朴東鎭	1	0.00016954899966090201
朴新民	1	0.00016954899966090201
朴世民翁	1	0.00016954899966090201
朴世民	1	0.00016954899966090201
朴曙民	1	0.00016954899966090201
朴相鉉	1	0.00016954899966090201
朴上萬	1	0.00016954899966090201
朴鳳子	1	0.00016954899966090201
朴炳哲	1	0.00016954899966090201
朴邦薰	1	0.00016954899966090201
朴文瑞	1	0.00016954899966090201
朴魯中	1	0.00016954899966090201
朴巖	1	0.00016954899966090201
朴魯慶	1	0.00016954899966090201
朴楠洙	1	0.00016954899966090201
朴南洙	1	0.00016954899966090201
朴南樹	1	0.00016954899966090201
朴吉龍	1	0.00016954899966090201
朴金重	1	0.00016954899966090201
朴克采	1	0.00016954899966090201
朴克?	1	0.00016954899966090201
朴慶浩	1	0.00016954899966090201
朴巨影	1	0.00016954899966090201
朴信春	1	0.00016954899966090201
朴泳善	1	0.00016954899966090201
南宮野人	1	0.00016954899966090201
朴駿亮	1	0.00016954899966090201
朴學洙	1	0.00016954899966090201
朴夏山	1	0.00016954899966090201
朴春圃	1	0.00016954899966090201
朴天順	1	0.00016954899966090201
朴昌薰	1	0.00016954899966090201
朴昌萬	1	0.00016954899966090201
朴昌基	1	0.00016954899966090201
朴珍	1	0.00016954899966090201
朴仲集	1	0.00016954899966090201
朴準杓	1	0.00016954899966090201
朴鍾秀	1	0.00016954899966090201
朴永信	1	0.00016954899966090201
朴楨周	1	0.00016954899966090201
朴在亨	1	0.00016954899966090201
朴麟鄕	1	0.00016954899966090201
朴恩惠	1	0.00016954899966090201
朴裕相	1	0.00016954899966090201
朴祐	1	0.00016954899966090201
朴外仙	1	0.00016954899966090201
朴玉草	1	0.00016954899966090201
朴暎海	1	0.00016954899966090201
朴永哲	1	0.00016954899966090201
閔素泉	1	0.00016954899966090201
閔丙徽	1	0.00016954899966090201
美林	1	0.00016954899966090201
盧聖錫	1	0.00016954899966090201
大山壽一	1	0.00016954899966090201
大山暹	1	0.00016954899966090201
大山光郞	1	0.00016954899966090201
堂本情報課長談	1	0.00016954899966090201
다리다무	1	0.00016954899966090201
뉴욕한우국지사	1	0.00016954899966090201
盧鎭鎬	1	0.00016954899966090201
盧鼎熙	1	0.00016954899966090201
盧貞愛	1	0.00016954899966090201
노엘	1	0.00016954899966090201
魯夫	1	0.00016954899966090201
美浪嶋	1	0.00016954899966090201
盧敏孫	1	0.00016954899966090201
魯亮	1	0.00016954899966090201
盧東烈	1	0.00016954899966090201
盧東烈	1	0.00016954899966090201
南應孫	1	0.00016954899966090201
南月	1	0.00016954899966090201
嵐生	1	0.00016954899966090201
南北人	1	0.00016954899966090201
南富雄	1	0.00016954899966090201
南文鄕	1	0.00016954899966090201
大山元章	1	0.00016954899966090201
大山次郞	1	0.00016954899966090201
大河東根	1	0.00016954899966090201
大黑生	1	0.00016954899966090201
文海羅	1	0.00016954899966090201
文章郁	1	0.00016954899966090201
文元洽	1	0.00016954899966090201
文藝峰	1	0.00016954899966090201
文星彬	1	0.00016954899966090201
牧會者	1	0.00016954899966090201
睦一信	1	0.00016954899966090201
牧羊	1	0.00016954899966090201
牧山昇	1	0.00016954899966090201
牧山毘	1	0.00016954899966090201
木馬生	1	0.00016954899966090201
毛麒允	1	0.00016954899966090201
望洋亭人	1	0.00016954899966090201
馬海松	1	0.00016954899966090201
馬義榮	1	0.00016954899966090201
藤田一等兵	1	0.00016954899966090201
藤田亮策	1	0.00016954899966090201
듀란트	1	0.00016954899966090201
杜遠	1	0.00016954899966090201
渡邊朝日特派員	1	0.00016954899966090201
德均	1	0.00016954899966090201
朴鉉壽	1	0.00016954899966090201
朴鎬	1	0.00016954899966090201
박희서	1	0.00016954899966090201
鮮于一扇	1	0.00016954899966090201
小泉源	1	0.00016954899966090201
素朝日特派員	1	0.00016954899966090201
小梧生	1	0.00016954899966090201
소암생	1	0.00016954899966090201
小僕	1	0.00016954899966090201
小磯總督	1	0.00016954899966090201
誠乎	1	0.00016954899966090201
成福順	1	0.00016954899966090201
薛植	1	0.00016954899966090201
鮮于全	1	0.00016954899966090201
鮮于辛男	1	0.00016954899966090201
西原光雄	1	0.00016954899966090201
船山信一	1	0.00016954899966090201
石華	1	0.00016954899966090201
石浩仁	1	0.00016954899966090201
石完鎭	1	0.00016954899966090201
釋賓輪	1	0.00016954899966090201
石蘭	1	0.00016954899966090201
曙海昇	1	0.00016954899966090201
西村俊雄	1	0.00016954899966090201
徐廷昇	1	0.00016954899966090201
徐載元	1	0.00016954899966090201
小泉源一	1	0.00016954899966090201
小春	1	0.00016954899966090201
蕭苾	1	0.00016954899966090201
孫光善子	1	0.00016954899966090201
순검	1	0.00016954899966090201
松花江人	1	0.00016954899966090201
宋志泳	1	0.00016954899966090201
宋利烈	1	0.00016954899966090201
宋完淳	1	0.00016954899966090201
松岳正子	1	0.00016954899966090201
宋順鎰	1	0.00016954899966090201
宋山元英	1	0.00016954899966090201
松山實	1	0.00016954899966090201
松山生	1	0.00016954899966090201
松山呂湜	1	0.00016954899966090201
松本幸	1	0.00016954899966090201
宋炳珍	1	0.00016954899966090201
松尾春重	1	0.00016954899966090201
宋夢奎	1	0.00016954899966090201
宋箕永	1	0.00016954899966090201
宋今璇	1	0.00016954899966090201
松岡潤根	1	0.00016954899966090201
宋江	1	0.00016954899966090201
孫晋泰	1	0.00016954899966090201
孫正鳳	1	0.00016954899966090201
徐一星	1	0.00016954899966090201
西原光世	1	0.00016954899966090201
鉢岩洞人	1	0.00016954899966090201
裵貞順	1	0.00016954899966090201
白潤文	1	0.00016954899966090201
白雲草	1	0.00016954899966090201
白玉斧	1	0.00016954899966090201
白榮民	1	0.00016954899966090201
白岳學人	1	0.00016954899966090201
白山南奎	1	0.00016954899966090201
白奉禹	1	0.00016954899966090201
伯林學人	1	0.00016954899966090201
白亮	1	0.00016954899966090201
白基萬	1	0.00016954899966090201
裵雲成	1	0.00016954899966090201
徐英熙	1	0.00016954899966090201
裵鏞潤	1	0.00016954899966090201
裵英鎭	1	0.00016954899966090201
裵祥明	1	0.00016954899966090201
裵德和	1	0.00016954899966090201
方鉉雄	1	0.00016954899966090201
方台榮	1	0.00016954899966090201
方駿漢	1	0.00016954899966090201
方洙源	1	0.00016954899966090201
方山春海	1	0.00016954899966090201
方山洙源	1	0.00016954899966090201
白川峻	1	0.00016954899966090201
白虛	1	0.00016954899966090201
白虎仙	1	0.00016954899966090201
白華善	1	0.00016954899966090201
徐城恩淑	1	0.00016954899966090201
鼠生	1	0.00016954899966090201
徐光露	1	0.00016954899966090201
賞花室散人	1	0.00016954899966090201
森戶辰男	1	0.00016954899966090201
衫森孝次郞	1	0.00016954899966090201
三木淸	1	0.00016954899966090201
山下館C生	1	0.00016954899966090201
山本吉久	1	0.00016954899966090201
砂村	1	0.00016954899966090201
史翁	1	0.00016954899966090201
四毛雅	1	0.00016954899966090201
富永文二	1	0.00016954899966090201
烽火峴	1	0.00016954899966090201
卜元圭	1	0.00016954899966090201
保元晶守	1	0.00016954899966090201
卞東琳	1	0.00016954899966090201
卞基鍾	1	0.00016954899966090201
碧初洪命熹	1	0.00016954899966090201
凡始	1	0.00016954899966090201
白晃	1	0.00016954899966090201
南宮堯安那	1	0.00016954899966090201
南宮仙	1	0.00016954899966090201
姜世保	1	0.00016954899966090201
金京俊	1	0.00016954899966090201
金崎晃	1	0.00016954899966090201
金基昶	1	0.00016954899966090201
金金蘭	1	0.00016954899966090201
金克淸	1	0.00016954899966090201
金光政雄	1	0.00016954899966090201
金光淳	1	0.00016954899966090201
金寬洙	1	0.00016954899966090201
金官	1	0.00016954899966090201
金桂淑	1	0.00016954899966090201
金桂善	1	0.00016954899966090201
金京洛	1	0.00016954899966090201
金大鴻	1	0.00016954899966090201
金岡潤	1	0.00016954899966090201
金甲順	1	0.00016954899966090201
吉生	1	0.00016954899966090201
機搭乘	1	0.00016954899966090201
基督僕	1	0.00016954899966090201
金村八峰	1	0.00016954899966090201
琴澈	1	0.00016954899966090201
琴川寬	1	0.00016954899966090201
今中次塵	1	0.00016954899966090201
金城玄三	1	0.00016954899966090201
金嵐人	1	0.00016954899966090201
金德來	1	0.00016954899966090201
南宮璧	1	0.00016954899966090201
金文顯	1	0.00016954899966090201
金士永	1	0.00016954899966090201
金思燁	1	0.00016954899966090201
金士燁	1	0.00016954899966090201
金本英淑	1	0.00016954899966090201
金福洛	1	0.00016954899966090201
金普燮	1	0.00016954899966090201
金寶卿	1	0.00016954899966090201
金秉浩	1	0.00016954899966090201
金秉河	1	0.00016954899966090201
金秉吉	1	0.00016954899966090201
金武森	1	0.00016954899966090201
金都	1	0.00016954899966090201
金明昊	1	0.00016954899966090201
金明源	1	0.00016954899966090201
金命洙	1	0.00016954899966090201
金明德	1	0.00016954899966090201
金메리	1	0.00016954899966090201
金馬利	1	0.00016954899966090201
金里郡	1	0.00016954899966090201
金東民	1	0.00016954899966090201
金道星	1	0.00016954899966090201
金島美慧子	1	0.00016954899966090201
金山一心	1	0.00016954899966090201
金谷次郞	1	0.00016954899966090201
金谷松茂	1	0.00016954899966090201
高承濟	1	0.00016954899966090201
郭福山	1	0.00016954899966090201
孔鎭衡	1	0.00016954899966090201
谷萩大佐	1	0.00016954899966090201
高羲東	1	0.00016954899966090201
高興祥	1	0.00016954899966090201
高虛	1	0.00016954899966090201
高風京	1	0.00016954899966090201
高在烋	1	0.00016954899966090201
高日新	1	0.00016954899966090201
高渭民	1	0.00016954899966090201
高成財	1	0.00016954899966090201
金剛學人	1	0.00016954899966090201
桂珖淳	1	0.00016954899966090201
鏡湖	1	0.00016954899966090201
姜亨求	1	0.00016954899966090201
姜海人	1	0.00016954899966090201
姜貞愛	1	0.00016954899966090201
江原弘	1	0.00016954899966090201
崗原鎭秀	1	0.00016954899966090201
姜瑛熙	1	0.00016954899966090201
岡笑樹	1	0.00016954899966090201
姜世馨	1	0.00016954899966090201
郭石宇	1	0.00016954899966090201
郭春信	1	0.00016954899966090201
郭夏信	1	0.00016954899966090201
光本守男	1	0.00016954899966090201
近藤一馬	1	0.00016954899966090201
鬼生	1	0.00016954899966090201
鬼嵐	1	0.00016954899966090201
鬼谷洞人	1	0.00016954899966090201
權相老	1	0.00016954899966090201
權東鎭	1	0.00016954899966090201
權東烈	1	0.00016954899966090201
權寧和	1	0.00016954899966090201
權寧仲	1	0.00016954899966090201
權寧	1	0.00016954899966090201
拳九九郞	1	0.00016954899966090201
宮村正興	1	0.00016954899966090201
菊坂生	1	0.00016954899966090201
國本鍾星	1	0.00016954899966090201
鞠奇燮	1	0.00016954899966090201
瞿重福	1	0.00016954899966090201
具沅會	1	0.00016954899966090201
鳩郞	1	0.00016954899966090201
光化學人	1	0.00016954899966090201
光澤鶴松	1	0.00016954899966090201
廣安正光	1	0.00016954899966090201
金山長漢	1	0.00016954899966090201
金山泉	1	0.00016954899966090201
金三不	1	0.00016954899966090201
金鎭標	1	0.00016954899966090201
金濯雲	1	0.00016954899966090201
金晴潭	1	0.00016954899966090201
金哲秀	1	0.00016954899966090201
金哲	1	0.00016954899966090201
金千均	1	0.00016954899966090201
김채란	1	0.00016954899966090201
金昌勳	1	0.00016954899966090201
金昌坤	1	0.00016954899966090201
金徵	1	0.00016954899966090201
金鎭學	1	0.00016954899966090201
金鎭元	1	0.00016954899966090201
金正道	1	0.00016954899966090201
金鎭午	1	0.00016954899966090201
金軫世	1	0.00016954899966090201
金知曉	1	0.00016954899966090201
金重晩	1	0.00016954899966090201
金俊榮	1	0.00016954899966090201
金俊	1	0.00016954899966090201
金鍾煥	1	0.00016954899966090201
金鐘漢	1	0.00016954899966090201
金鍾韓	1	0.00016954899966090201
金鳥人	1	0.00016954899966090201
金泰潤	1	0.00016954899966090201
金太冾	1	0.00016954899966090201
金泰昊	1	0.00016954899966090201
金泰洽	1	0.00016954899966090201
南宮嶺	1	0.00016954899966090201
南宮蓮	1	0.00016954899966090201
남경호	1	0.00016954899966090201
駱駝生	1	0.00016954899966090201
樂浪學人	1	0.00016954899966090201
羅雄	1	0.00016954899966090201
羅稻香	1	0.00016954899966090201
羅鬼山人	1	0.00016954899966090201
金喜貞	1	0.00016954899966090201
金喜善	1	0.00016954899966090201
金鴻國	1	0.00016954899966090201
金浩稙	1	0.00016954899966090201
金湖星	1	0.00016954899966090201
김혜탄	1	0.00016954899966090201
金惠秀	1	0.00016954899966090201
김혜란	1	0.00016954899966090201
金亨奎	1	0.00016954899966090201
金賢淑	1	0.00016954899966090201
金漢卿	1	0.00016954899966090201
金學俊	1	0.00016954899966090201
金澤潤	1	0.00016954899966090201
金貞淑	1	0.00016954899966090201
金在根	1	0.00016954899966090201
金三笑	1	0.00016954899966090201
金昭鉉	1	0.00016954899966090201
金映玉	1	0.00016954899966090201
金永萬	1	0.00016954899966090201
金良鳳	1	0.00016954899966090201
金信愛	1	0.00016954899966090201
金時慶	1	0.00016954899966090201
金承燾	1	0.00016954899966090201
金承久	1	0.00016954899966090201
金順	1	0.00016954899966090201
金守漢	1	0.00016954899966090201
金松社長	1	0.00016954899966090201
金世炯	1	0.00016954899966090201
金慈璟	1	0.00016954899966090201
金世鍾	1	0.00016954899966090201
金聖與	1	0.00016954899966090201
金城默	1	0.00016954899966090201
金燮坤	1	0.00016954899966090201
金錫淡	1	0.00016954899966090201
金瑞愛	1	0.00016954899966090201
金常午	1	0.00016954899966090201
金桑湜	1	0.00016954899966090201
金祥秀	1	0.00016954899966090201
金相珀	1	0.00016954899966090201
金榮夏	1	0.00016954899966090201
金永華	1	0.00016954899966090201
金永羲	1	0.00016954899966090201
金玉順	1	0.00016954899966090201
金一天	1	0.00016954899966090201
金馹	1	0.00016954899966090201
金仁洙	1	0.00016954899966090201
金翊中	1	0.00016954899966090201
金翼洙	1	0.00016954899966090201
金義洙	1	0.00016954899966090201
金應允	1	0.00016954899966090201
金銀姬	1	0.00016954899966090201
金銀河	1	0.00016954899966090201
金玧禎	1	0.00016954899966090201
金原輝	1	0.00016954899966090201
金元浩	1	0.00016954899966090201
金瑗根	1	0.00016954899966090201
金源權	1	0.00016954899966090201
金旭	1	0.00016954899966090201
金友哲	1	0.00016954899966090201
金友卿	1	0.00016954899966090201
金容泰	1	0.00016954899966090201
金龍濟	1	0.00016954899966090201
金龍得	1	0.00016954899966090201
金玉曄	1	0.00016954899966090201
厚地大佐談	1	0.00016954899966090201
